{
  "formula": "max(2, ceil(log2(max_i(A_i+B_i)/3))+3)",
  "row_bounds": [
    0.9515632390975952,
    0.9515632390975952,
    0.9515632390975952,
    0.9515632390975952,
    0.9515632390975952,
    0.9515632390975952,
    0.9515632390975952,
    0.9515632390975952,
    0.9515632390975952,
    0.9515632390975952,
    0.9515632390975952,
    0.9515632390975952,
    0.9515632390975952,
    0.9515632390975952,
    0.9515632390975952,
    0.9515632390975952,
    0.9515632390975952,
    0.9515632390975952,
    0.9515632390975952,
    0.9515632390975952,
    0.9515632390975952,
    0.9515632390975952,
    0.9515632390975952,
    0.9515632390975952,
    0.9515632390975952,
    0.9515632390975952,
    0.9515632390975952,
    0.9515632390975952,
    0.9515632390975952,
    0.9515632390975952,
    0.9515632390975952,
    0.9515632390975952
  ],
  "max_bound": 0.9515632390975952,
  "derived_delay": 2,
  "online_delay": 2,
  "forced_delay": 2,
  "frac_bits": 23,
  "data_width": 24,
  "bit_width": 22,
  "bias_width": 24,
  "scale_q": 8388608,
  "teleport_lsb": 13107,
  "max_coeff_abs_q": 249037,
  "max_coeff_sum_q": 7969184,
  "cmax_q": 16357792,
  "umax_q": 4089448,
  "mmax_q": 16357792,
  "bit_width_min": 18,
  "bias_width_min": 14,
  "acc_width_min": 25,
  "acc_width_impl": 36
}