{
  "formula": "max(2, ceil(log2(max_i(A_i+B_i)/3))+3)",
  "row_bounds": [
    0.9515625028871,
    0.9515625028871,
    0.9515625028871,
    0.9515625028871,
    0.9515625028871,
    0.9515625028871,
    0.9515625028871,
    0.9515625028871,
    0.9515625028871,
    0.9515625028871,
    0.9515625028871,
    0.9515625028871,
    0.9515625028871,
    0.9515625028871,
    0.9515625028871,
    0.9515625028871,
    0.9515625028871,
    0.9515625028871,
    0.9515625028871,
    0.9515625028871,
    0.9515625028871,
    0.9515625028871,
    0.9515625028871,
    0.9515625028871,
    0.9515625028871,
    0.9515625028871,
    0.9515625028871,
    0.9515625028871,
    0.9515625028871,
    0.9515625028871,
    0.9515625028871,
    0.9515625028871
  ],
  "max_bound": 0.9515625028871,
  "derived_delay": 2,
  "online_delay": 2,
  "forced_delay": 2,
  "frac_bits": 31,
  "data_width": 32,
  "bit_width": 30,
  "bias_width": 32,
  "scale_q": 2147483648,
  "teleport_lsb": 3355443,
  "max_coeff_abs_q": 63753421,
  "max_coeff_sum_q": 2040109472,
  "cmax_q": 4187593120,
  "umax_q": 1046898280,
  "mmax_q": 4187593120,
  "bit_width_min": 26,
  "bias_width_min": 22,
  "acc_width_min": 33,
  "acc_width_impl": 36
}