{
  "formula": "max(2, ceil(log2(max_i(A_i+B_i)/3))+3)",
  "row_bounds": [
    0.8546875016763806,
    0.8546875016763806,
    0.8546875016763806,
    0.8546875016763806,
    0.8546875016763806,
    0.8546875016763806,
    0.8546875016763806,
    0.8546875016763806,
    0.8546875016763806,
    0.8546875016763806,
    0.8546875016763806,
    0.8546875016763806,
    0.8546875016763806,
    0.8546875016763806,
    0.8546875016763806,
    0.8546875016763806,
    0.8546875016763806,
    0.8546875016763806,
    0.8546875016763806,
    0.8546875016763806,
    0.8546875016763806,
    0.8546875016763806,
    0.8546875016763806,
    0.8546875016763806,
    0.8546875016763806,
    0.8546875016763806,
    0.8546875016763806,
    0.8546875016763806,
    0.8546875016763806,
    0.8546875016763806,
    0.8546875016763806,
    0.8546875016763806
  ],
  "max_bound": 0.8546875016763806,
  "derived_delay": 2,
  "online_delay": 2,
  "forced_delay": 2,
  "frac_bits": 31,
  "data_width": 32,
  "bit_width": 30,
  "bias_width": 32,
  "scale_q": 2147483648,
  "teleport_lsb": 10066330,
  "max_coeff_abs_q": 228170138,
  "max_coeff_sum_q": 1825361104,
  "cmax_q": 3972844752,
  "umax_q": 993211188,
  "mmax_q": 3972844752,
  "bit_width_min": 28,
  "bias_width_min": 24,
  "acc_width_min": 33,
  "acc_width_impl": 36
}