{
  "formula": "max(2, ceil(log2(max_i(A_i+B_i)/3))+3)",
  "row_bounds": [
    0.951751708984375,
    0.951751708984375,
    0.951751708984375,
    0.951751708984375,
    0.951751708984375,
    0.951751708984375,
    0.951751708984375,
    0.951751708984375,
    0.951751708984375,
    0.951751708984375,
    0.951751708984375,
    0.951751708984375,
    0.951751708984375,
    0.951751708984375,
    0.951751708984375,
    0.951751708984375,
    0.951751708984375,
    0.951751708984375,
    0.951751708984375,
    0.951751708984375,
    0.951751708984375,
    0.951751708984375,
    0.951751708984375,
    0.951751708984375,
    0.951751708984375,
    0.951751708984375,
    0.951751708984375,
    0.951751708984375,
    0.951751708984375,
    0.951751708984375,
    0.951751708984375,
    0.951751708984375
  ],
  "max_bound": 0.951751708984375,
  "derived_delay": 2,
  "online_delay": 2,
  "forced_delay": 2,
  "frac_bits": 15,
  "data_width": 16,
  "bit_width": 14,
  "bias_width": 16,
  "scale_q": 32768,
  "teleport_lsb": 51,
  "max_coeff_abs_q": 973,
  "max_coeff_sum_q": 31136,
  "cmax_q": 63904,
  "umax_q": 15976,
  "mmax_q": 63904,
  "bit_width_min": 10,
  "bias_width_min": 6,
  "acc_width_min": 17,
  "acc_width_impl": 36
}