{
  "formula": "max(2, ceil(log2(max_i(A_i+B_i)/3))+3)",
  "row_bounds": [
    0.85430908203125,
    0.85430908203125,
    0.85430908203125,
    0.85430908203125,
    0.85430908203125,
    0.85430908203125,
    0.85430908203125,
    0.85430908203125,
    0.85430908203125,
    0.85430908203125,
    0.85430908203125,
    0.85430908203125,
    0.85430908203125,
    0.85430908203125,
    0.85430908203125,
    0.85430908203125,
    0.85430908203125,
    0.85430908203125,
    0.85430908203125,
    0.85430908203125,
    0.85430908203125,
    0.85430908203125,
    0.85430908203125,
    0.85430908203125,
    0.85430908203125,
    0.85430908203125,
    0.85430908203125,
    0.85430908203125,
    0.85430908203125,
    0.85430908203125,
    0.85430908203125,
    0.85430908203125
  ],
  "max_bound": 0.85430908203125,
  "derived_delay": 2,
  "online_delay": 2,
  "forced_delay": 2,
  "frac_bits": 15,
  "data_width": 16,
  "bit_width": 14,
  "bias_width": 16,
  "scale_q": 32768,
  "teleport_lsb": 154,
  "max_coeff_abs_q": 870,
  "max_coeff_sum_q": 27840,
  "cmax_q": 60608,
  "umax_q": 15152,
  "mmax_q": 60608,
  "bit_width_min": 10,
  "bias_width_min": 8,
  "acc_width_min": 17,
  "acc_width_impl": 36
}