{
  "bias_sum": 0.15000000596046448,
  "checksum": 1875.9375,
  "cpu_model": "AMD Ryzen 9 9950X 16-Core Processor",
  "env_threads": {
    "MKL_NUM_THREADS": "32",
    "NUMEXPR_NUM_THREADS": "32",
    "OMP_NUM_THREADS": "32",
    "OPENBLAS_NUM_THREADS": "32"
  },
  "fixture": "MSDF_iterative_solver/generated/rtl_vectors/pagerank32_global_parallel_in_fractional_deg32",
  "flop_per_iter_est": 2080,
  "full_13iter_mean_s": 9.696834016666667e-06,
  "full_13iter_stdev_s": 1.5959600740066302e-07,
  "full_gflops_est": 2.788539017325072,
  "full_gterm_ops_per_s": 1.3728192085292663,
  "full_inner_runs": 2000,
  "full_iterations_per_s": 1340643.7583293617,
  "full_pagerank_runs_per_s": 103126.44294841243,
  "full_repeats": 30,
  "full_term_ops_per_s": 1372819208.5292664,
  "iters_per_pagerank_run": 13,
  "kernel_gflops_est": 2.838958868031976,
  "kernel_gterm_ops_per_s": 1.3976412888772805,
  "kernel_inner": 100000,
  "kernel_iter_mean_s": 7.326629573333334e-07,
  "kernel_iter_stdev_s": 1.2814909245219812e-08,
  "kernel_iterations_per_s": 1364884.0711692192,
  "kernel_repeats": 30,
  "kernel_term_ops_per_s": 1397641288.8772805,
  "n": 32,
  "row_sum_max": 0.8499999940395355,
  "row_sum_min": 0.8499999940395355,
  "summary_fixture": "pagerank32_global_parallel_in_fractional_deg32",
  "term_ops_per_iter": 1024,
  "threadpool_info": []
}
