{
  "formula": "max(2, ceil(log2(max_i(A_i+B_i)/3))+3)",
  "row_bounds": [
    0.8546879291534424,
    0.8546879291534424,
    0.8546879291534424,
    0.8546879291534424,
    0.8546879291534424,
    0.8546879291534424,
    0.8546879291534424,
    0.8546879291534424,
    0.8546879291534424,
    0.8546879291534424,
    0.8546879291534424,
    0.8546879291534424,
    0.8546879291534424,
    0.8546879291534424,
    0.8546879291534424,
    0.8546879291534424,
    0.8546879291534424,
    0.8546879291534424,
    0.8546879291534424,
    0.8546879291534424,
    0.8546879291534424,
    0.8546879291534424,
    0.8546879291534424,
    0.8546879291534424,
    0.8546879291534424,
    0.8546879291534424,
    0.8546879291534424,
    0.8546879291534424,
    0.8546879291534424,
    0.8546879291534424,
    0.8546879291534424,
    0.8546879291534424
  ],
  "max_bound": 0.8546879291534424,
  "derived_delay": 2,
  "online_delay": 2,
  "forced_delay": 2,
  "frac_bits": 23,
  "data_width": 24,
  "bit_width": 22,
  "bias_width": 24,
  "scale_q": 8388608,
  "teleport_lsb": 39322,
  "max_coeff_abs_q": 891290,
  "max_coeff_sum_q": 7130320,
  "cmax_q": 15518928,
  "umax_q": 3879732,
  "mmax_q": 15518928,
  "bit_width_min": 20,
  "bias_width_min": 16,
  "acc_width_min": 25,
  "acc_width_impl": 36
}